domain,group,inventors_country_flag,work_num,std_variance_to_cen,mean_variance_to_centroid,max_variance_to_centroid,min_variance_to_centroid,Breadth
A01-1,cn,CN,364.0,0.7561399340629578,9.228188514709473,11.364148139953612,7.427989959716797,6.329158857684476
A01-1,us,US,18628.0,0.7383376955986023,9.40207576751709,11.871597290039062,7.135991096496582,6.586155034915421
A1-1,cn,CN,876.0,0.6800445318222046,9.139988899230955,11.539531707763672,7.4182209968566895,6.236615333149658
A1-1,us,US,21170.0,0.7450011372566223,9.327834129333496,12.601706504821776,7.130084037780762,6.495655694061881
A21-1,us,US,956.0,0.8219789266586304,8.617534637451172,11.704097747802734,6.4327263832092285,5.60841704271337
A22-1,cn,CN,11.0,0.5814347863197327,7.478091239929199,8.766189575195312,6.527644157409668,4.6420713988217415
A22-1,us,US,592.0,0.8352500796318054,8.275908470153809,10.91108512878418,6.3560004234313965,5.195288172125174
A23-1,cn,CN,428.0,0.8046794533729553,8.466080665588379,12.022835731506348,6.73457670211792,5.378837133995134
A23-1,us,US,6834.0,0.7905104756355286,8.744161605834961,11.944978713989258,6.2911481857299805,5.713584501347938
A24-1,cn,CN,282.0,1.4013882875442505,6.7469682693481445,11.094388008117676,4.73996639251709,3.547981931263564
A24-1,us,US,1941.0,1.0397281646728516,7.966482639312744,11.993614196777344,5.651582717895508,4.77772737104722
A41-1,cn,CN,93.0,0.7584673762321472,8.592101097106934,10.725542068481444,7.220407009124756,5.511378002618173
A41-1,us,US,3248.0,0.8647200465202332,8.387499809265137,11.946771621704102,6.020324230194092,5.215924761118259
A42-1,cn,CN,28.0,0.7775701880455017,7.470604419708252,9.516623497009276,5.827930450439453,4.307543829319968
A42-1,us,US,1132.0,1.036168336868286,8.056626319885254,12.017905235290527,5.672926902770996,4.853109412670719
A43-1,cn,CN,47.0,1.0154186487197876,8.057626724243164,11.056927680969238,6.2531843185424805,4.986496929985634
A43-1,us,US,3425.0,1.0907933712005615,7.615103721618652,12.523431777954102,5.490498065948486,4.370462972658345
A44-1,cn,CN,92.0,1.1760270595550537,7.493910312652588,10.739935874938965,5.223598480224609,4.264614880939334
A44-1,us,US,1422.0,0.9907302856445312,8.215463638305664,12.181070327758787,5.845503330230713,5.0307113011241
A45-1,cn,CN,209.0,0.7535687685012817,8.298975944519043,10.585142135620115,6.713802814483643,5.146274626128886
A45-1,us,US,4065.0,0.8278118968009949,8.47684097290039,11.894695281982422,6.157910346984863,5.352017220085429
A46-1,cn,CN,78.0,0.888445258140564,7.359326362609863,9.948814392089844,5.56505823135376,4.176727383882266
A46-1,us,US,1295.0,0.923481583595276,7.7253217697143555,12.27885627746582,5.609089374542236,4.513895314597832
A47-1,cn,CN,1440.0,0.8109924793243408,8.58751106262207,11.75027847290039,6.478680610656738,5.554146868952032
A47-1,us,US,20232.0,0.7229774594306946,8.833916664123535,13.155472755432127,6.220283508300781,5.8475379767014175
A61-1,cn,,,,,,,
A61-1,us,,,,,,,
A62-1,cn,CN,146.0,0.9090930819511414,8.544236183166504,10.73231029510498,6.433769702911377,5.481299253133983
A62-1,us,US,3406.0,0.7649976015090942,8.873893737792969,11.567468643188477,6.707489013671875,5.861793391434077
A63-1,us,US,23887.0,0.7469999194145203,8.971687316894531,11.960946083068848,6.668447494506836,5.958930937592655
B01-1,cn,CN,878.0,0.729229211807251,8.703895568847656,11.317861557006836,6.7911529541015625,5.683229001763323
B01-1,us,US,19121.0,0.6935164928436279,8.899127960205078,11.774340629577637,6.664897441864014,5.91019571515406
B02-1,cn,CN,27.0,1.0988386869430542,7.822446346282959,10.83763313293457,6.376378536224365,4.850941259636826
B02-1,us,US,765.0,0.8856549859046936,8.21312427520752,11.755237579345703,6.165430545806885,5.122267764578098
B03-1,cn,CN,31.0,0.6853757500648499,7.87308406829834,9.351568222045898,6.364794731140137,4.86948852897973
B03-1,us,US,676.0,0.8413025736808777,8.456021308898926,11.69109058380127,6.07082462310791,5.403522300558237
B04-1,cn,CN,14.0,0.8255482912063599,7.535587787628174,9.231403350830078,6.063830852508545,4.641869107445515
B04-1,us,US,335.0,0.977362871170044,7.855350494384766,11.353036880493164,5.824761867523193,4.690368705497306
B05-1,cn,CN,351.0,0.8068063259124756,8.455541610717773,11.340006828308104,6.738150596618652,5.343362293837274
B05-1,us,US,6901.0,0.7630511522293091,8.716405868530273,11.56984519958496,6.419049263000488,5.65546285840675
B06-1,cn,CN,30.0,1.0649832487106323,7.533776760101318,9.495946884155272,5.739681243896484,4.435414966495557
B06-1,us,US,286.0,1.0706573724746704,8.340584754943848,11.8575439453125,6.399142265319824,5.254854680848055
B07-1,cn,CN,18.0,0.9685665369033812,7.527504920959473,9.914457321166992,6.031437397003174,4.565900291492724
B08-1,cn,CN,51.0,1.0038506984710691,7.243387699127197,9.659470558166504,5.709181308746338,4.1190298211340775
B08-1,us,US,1863.0,0.8549374938011169,8.322710990905762,11.738369941711426,6.114128112792969,5.251265304891604
B09-1,cn,CN,14.0,0.5643051862716675,7.805767059326172,8.571941375732422,6.402309417724609,4.967687876669913
B09-1,us,US,227.0,0.8647173643112183,8.28109073638916,10.806585311889648,6.421828746795654,5.209389450020183
B1-1,cn,CN,2169.0,0.7016095519065857,8.67064380645752,11.324180603027344,6.753819942474365,5.618668912773671
B1-1,us,US,25426.0,0.6899521350860596,8.844487190246582,12.154745101928713,6.597016334533691,5.83228001221687
B2-1,us,US,776.0,0.9043055176734924,8.184467315673828,12.051501274108888,6.033671855926514,5.08801289456288
B21-1,cn,CN,349.0,0.9664053916931152,8.018903732299805,11.163222312927246,5.667984962463379,4.87846865716574
B21-1,us,US,4181.0,0.8446673154830933,8.62077808380127,12.14393424987793,6.367935657501221,5.578564806567982
B22-1,cn,CN,427.0,0.73667973279953,8.322845458984375,10.523096084594728,6.414766788482666,5.1947798519925925
B22-1,us,US,4630.0,0.8802180886268616,8.44606876373291,12.07455062866211,6.164926528930664,5.355695342516015
B23-1,cn,CN,1012.0,0.8725327849388123,8.362207412719727,11.19543743133545,6.2150726318359375,5.288893213037497
B23-1,us,US,14842.0,0.7435194849967957,8.842482566833496,11.901612281799316,6.312446117401123,5.866517859354786
B24-1,cn,CN,261.0,1.208922028541565,7.693436622619629,11.206084251403809,5.5558013916015625,4.581801905995306
B24-1,us,US,3410.0,0.9400450587272644,8.1212739944458,11.844613075256348,5.846607685089111,5.031520575075888
B25-1,cn,CN,879.0,0.8570365905761719,8.145159721374512,10.643150329589844,5.967247486114502,4.959694337361498
B25-1,us,US,8886.0,0.7675467729568481,8.471508979797363,12.45041847229004,6.072338104248047,5.341059048567345
B26-1,us,US,2613.0,0.8618148565292358,8.206275939941406,11.294529914855955,5.7023091316223145,5.070738004878166
B27-1,cn,CN,76.0,0.8388024568557739,8.187430381774902,10.685672760009766,6.680963039398193,5.136147759462645
B27-1,us,US,1234.0,0.9377462267875672,8.515027046203613,11.692215919494627,6.10421895980835,5.473941201554695
B28-1,cn,CN,98.0,0.712909460067749,8.560129165649414,10.350900650024414,7.001328468322754,5.5640884281433785
B28-1,us,US,1933.0,0.7771411538124084,8.734136581420898,13.809020042419434,6.621604919433594,5.731944857289591
B29-1,cn,CN,841.0,0.7052891254425049,8.560049057006836,10.947185516357422,6.728660583496094,5.4559468636459485
B29-1,us,US,18971.0,0.7786932587623596,8.737654685974121,11.650708198547363,6.090916156768799,5.688607185870637
B3-1,cn,CN,62.0,0.8748623728752136,8.324186325073242,10.560440063476562,6.591644287109375,5.345014421666264
B3-1,us,US,755.0,0.8433507084846497,8.404752731323242,11.720621109008787,6.13782262802124,5.3356695425517415
B30-1,cn,CN,31.0,0.908782958984375,7.336855888366699,9.405091285705566,5.906753063201904,4.249396753567524
B31-1,us,US,1473.0,0.8714601397514343,8.137507438659668,11.395931243896484,5.846510410308838,4.981916012940843
B32-1,cn,CN,913.0,0.869775116443634,8.512125968933105,11.609723091125488,6.205141544342041,5.408084290125572
B32-1,us,US,17616.0,0.7439202070236206,8.856075286865234,12.382129669189451,6.288536071777344,5.821773990240516
B33-1,cn,CN,202.0,0.9743623733520508,7.792182922363281,10.715513229370115,6.187042713165283,4.5717779375767975
B33-1,us,US,5043.0,1.1477315425872805,7.965989589691162,12.309803009033203,5.408347129821777,4.800360069982986
B4-1,cn,CN,31.0,0.9685032963752748,7.546191692352295,9.649133682250977,5.670192718505859,4.503500044986765
B4-1,us,US,456.0,0.9763853549957277,8.011656761169434,11.976482391357422,6.091552257537842,4.879139768340707
B41-1,cn,CN,270.0,0.9704498052597046,7.771179676055908,12.261444091796877,5.377145767211914,4.544992578451442
B41-1,us,US,8655.0,0.93110191822052,7.991189002990723,12.67734146118164,5.550403594970703,4.779939302796649
B42-1,cn,CN,67.0,1.086129665374756,8.083600044250488,11.361932754516602,6.452836513519287,4.965894825315104
B42-1,us,US,1146.0,0.9004955887794495,8.37032413482666,11.221665382385254,6.190488815307617,5.206628334967675
B43-1,cn,CN,31.0,0.9402847290039062,7.767010688781738,10.948445320129396,5.967717170715332,4.695942331385865
B43-1,us,US,729.0,0.880901575088501,8.094151496887207,11.033318519592283,6.244389057159424,4.913010142777168
B44-1,cn,CN,59.0,0.7330330014228821,8.090770721435547,9.807805061340332,6.645027160644531,4.957188172064491
B44-1,us,US,1508.0,0.7431932687759399,8.659225463867188,10.826251029968262,6.123280048370361,5.598327973221302
B5-1,cn,CN,599.0,0.9161337614059448,8.296506881713867,11.195280075073242,6.382473468780518,5.154465077801973
B5-1,us,US,7108.0,0.7946581840515137,8.598668098449707,12.440675735473633,6.327468395233154,5.504312724556229
B6-1,cn,CN,101.0,1.3955650329589844,7.354790687561035,11.061290740966797,5.062394618988037,4.202650896393422
B6-1,us,US,511.0,0.9870995283126832,8.129172325134277,11.805272102355955,6.016778469085693,4.962544956854444
B60-1,cn,CN,1882.0,0.7244142889976501,8.808953285217285,11.586600303649902,6.505610942840576,5.807506986646601
B60-1,us,US,43838.0,0.6932740211486816,9.006084442138672,12.518741607666016,6.635029315948486,6.05799677600362
B61-1,cn,CN,237.0,0.9605887532234192,7.86329174041748,11.957433700561523,5.629266262054443,4.722588264804912
B61-1,us,US,2083.0,0.7918135523796082,8.445430755615234,11.789496421813965,6.5475754737854,5.379172927305348
B62-1,cn,CN,460.0,0.9758106470108032,8.145875930786133,11.149413108825684,6.121371269226074,4.997691747008986
B62-1,us,US,10806.0,0.7552778124809265,8.610730171203613,12.144124031066896,6.26878023147583,5.549447019768905
B63-1,cn,CN,183.0,1.1090792417526243,7.85811710357666,11.824593544006348,5.872490406036377,4.693420444752931
B63-1,us,US,4035.0,0.903795063495636,8.540362358093262,12.90683937072754,6.234111785888672,5.470017575791715
B64-1,cn,CN,851.0,1.0844290256500244,7.776176929473877,11.583317756652832,5.657106399536133,4.556285791615622
B64-1,us,US,14419.0,0.7727229595184326,8.692242622375488,11.955350875854492,6.347677707672119,5.639693526229578
B65-1,cn,CN,994.0,0.9185771346092224,8.165894508361816,11.843022346496582,5.637954235076904,5.039485519492899
B65-1,us,US,27009.0,0.7441262602806091,8.623309135437012,12.157997131347656,6.227916717529297,5.565535953940142
B66-1,cn,CN,335.0,0.9075371026992798,7.864768028259277,10.71358871459961,5.745882511138916,4.695924410541721
B66-1,us,US,3308.0,0.8739650845527649,8.303253173828125,11.567716598510742,6.055973052978516,5.194995923100663
B67-1,us,US,2968.0,0.8934484124183655,7.9831390380859375,11.382946968078612,5.982429027557373,4.777781947408471
B7-1,cn,CN,53.0,0.7719468474388123,7.586028099060059,9.042313575744627,6.196368217468262,4.408591862427301
B8-1,cn,CN,183.0,1.0350981950759888,7.714044570922852,10.66032600402832,5.850579261779785,4.565176412499866
B8-1,us,US,2416.0,0.8130402565002441,8.312492370605469,12.335049629211426,6.251447677612305,5.225243281148138
B81-1,cn,CN,177.0,1.086869716644287,7.475314140319824,10.557392120361328,5.534085750579834,4.233180192735915
B81-1,us,US,2021.0,0.9897269010543824,7.814850330352783,12.37136936187744,5.412055969238281,4.55719849037925
B82-1,cn,CN,682.0,1.0424124002456665,8.117286682128906,11.868783950805664,6.066000938415527,4.932509416476819
B82-1,us,US,6345.0,0.9177731275558472,8.507853507995605,12.331830024719238,5.792903423309326,5.368323656065527
B9-1,cn,CN,83.0,0.8870481848716736,7.595369815826416,9.461459159851074,5.915871620178223,4.461389885136498
B9-1,us,US,414.0,0.8128642439842224,8.251482009887695,10.827077865600586,6.314387798309326,5.15368582895843
C01-1,cn,CN,385.0,0.7088550925254822,8.520488739013672,10.36060905456543,6.750757217407227,5.446964420128239
C01-1,us,US,4037.0,0.7384417057037354,8.785595893859863,11.950967788696287,6.5680036544799805,5.759058987148919
C02-1,cn,CN,146.0,0.8723599910736084,8.0684814453125,10.943199157714844,6.445263862609863,4.981299140963515
C02-1,us,US,2696.0,0.8645129799842834,8.36702823638916,12.063066482543944,6.126279830932617,5.286596722086131
C03-1,us,US,2254.0,0.8408890962600708,8.57048225402832,11.885318756103516,6.437353134155273,5.549515904268688
C04-1,cn,CN,142.0,0.7865035533905029,8.690447807312012,10.622519493103027,6.752318382263184,5.6843826048810655
C04-1,us,US,2521.0,0.7863099575042725,8.686286926269531,12.44157600402832,6.418122291564941,5.647944073030388
C05-1,us,US,410.0,1.0140690803527832,8.046339988708496,12.512398719787598,5.80680513381958,4.914584428781083
C06-1,us,US,407.0,1.1614974737167358,7.95934534072876,13.37637424468994,6.027163505554199,4.775590085641028
C07-1,cn,CN,2279.0,1.046394944190979,8.636711120605469,12.059632301330566,6.221124172210693,5.510068370802145
C07-1,us,US,51100.0,0.922387719154358,8.91370964050293,12.66404628753662,6.111133575439453,5.832544466146402
C08-1,cn,CN,753.0,0.7091250419616699,8.644862174987793,11.779047966003418,6.727467060089111,5.523125932089215
C08-1,us,US,16238.0,0.742138683795929,8.656290054321289,12.453861236572266,5.868821144104004,5.528365563615068
C09-1,cn,CN,437.0,0.7420860528945923,8.746265411376953,10.79574489593506,6.581936359405518,5.68275497915603
C09-1,us,US,7737.0,0.7844417691230774,8.833032608032227,12.228294372558594,6.519224643707275,5.791185488539256
C1-1,cn,CN,785.0,0.7360745668411255,8.485166549682617,11.29314136505127,6.705915927886963,5.387823004554008
C1-1,us,US,5162.0,0.7522671818733215,8.733362197875977,12.151359558105469,6.532090663909912,5.684110030050917
C10-1,cn,CN,459.0,0.8020431995391846,8.147394180297852,10.655498504638672,6.380744457244873,5.008545201698311
C10-1,us,US,7932.0,0.836703896522522,8.423064231872559,12.669387817382812,5.912693977355957,5.320733258785168
C11-1,us,US,4816.0,1.0339679718017578,8.217167854309082,12.221845626831056,6.041746139526367,5.057835298875048
C12-1,cn,CN,2106.0,0.7292817831039429,8.768696784973145,11.39060115814209,6.678543567657471,5.723841552145075
C12-1,us,US,54930.0,0.7974243760108948,8.875502586364746,12.246257781982422,6.384111881256104,5.847380949312097
C13-1,cn,CN,11.0,0.7679060697555542,7.227685928344727,8.588189125061035,6.099361896514893,4.355655637654394
C13-1,us,US,338.0,1.2396053075790403,7.527316093444824,11.508881568908691,5.481929779052734,4.359464080254625
C14-1,cn,CN,6.0,0.5271362066268921,6.616090297698975,7.413091659545898,6.003820419311523,3.929482301076263
C14-1,us,US,57.0,1.002535700798035,7.913930892944336,10.776846885681152,6.233252048492432,4.758152298461226
C17-1,cn,,,,,,,
C17-1,us,,,,,,,
C2-1,cn,CN,514.0,0.7752898335456848,8.00977897644043,10.726632118225098,6.317754745483398,4.856499252118894
C2-1,us,US,3903.0,0.8455770015716553,8.26416301727295,11.919410705566406,6.091841220855713,5.150011166579048
C21-1,cn,CN,286.0,0.99873024225235,7.916981220245361,10.764533042907717,6.089583873748779,4.770580670860198
C21-1,us,US,1072.0,0.8638978600502014,8.528730392456055,12.76618480682373,6.136875152587891,5.483682870564593
C22-1,cn,CN,610.0,0.7631807923316956,8.397356033325195,10.81729793548584,6.313882350921631,5.278977299157589
C22-1,us,US,3925.0,0.8073013424873352,8.644281387329102,11.227288246154783,6.282888889312744,5.578040622726064
C23-1,cn,CN,762.0,0.8302776217460632,8.231256484985352,11.08869457244873,6.3766703605651855,5.083741327052209
C23-1,us,US,10526.0,0.8828190565109253,8.404672622680664,11.841181755065918,5.917534351348877,5.298473246900159
C25-1,cn,CN,274.0,0.7980309724807739,8.34733772277832,10.359484672546388,6.114286422729492,5.227615212884828
C25-1,us,US,3959.0,0.8633391857147217,8.441377639770508,12.379730224609377,5.906172275543213,5.342885055772456
C3-1,cn,CN,237.0,0.8749324679374695,8.27711296081543,10.40588665008545,6.50325345993042,5.209921523347845
C3-1,us,US,3049.0,0.9237356185913086,8.394680976867676,12.794931411743164,6.169785976409912,5.33183514662548
C30-1,cn,CN,177.0,0.8548102378845215,7.990324020385742,10.22246551513672,6.069157123565674,4.85880573456663
C30-1,us,US,1672.0,0.7994574308395386,8.315049171447754,12.164801597595217,6.241143703460693,5.211253945891286
C4-1,cn,CN,291.0,0.7452852129936218,8.447345733642578,10.63638687133789,6.485565185546875,5.345856211580696
C4-1,us,US,3210.0,0.7669494152069092,8.622879981994629,12.515488624572754,6.372838973999023,5.562584759777792
C40-1,cn,CN,35.0,1.0919208526611328,7.557359218597412,9.772466659545898,5.5816850662231445,4.402332125591627
C40-1,us,US,1374.0,0.9657241702079772,7.859920978546143,11.54401397705078,5.600612640380859,4.583852584082422
C5-1,us,US,619.0,0.9407719373703004,7.852701663970947,12.609906196594238,6.025969982147217,4.672388362854974
C6-1,cn,CN,8.0,0.8968226909637451,7.044072151184082,8.87649917602539,6.070387840270996,4.170823842287064
C6-1,us,US,407.0,1.002774000167847,7.901811122894287,12.230487823486328,5.887168884277344,4.681911175471271
C7-1,cn,CN,4038.0,1.0665024518966677,8.53944206237793,11.958984375,5.969529151916504,5.388198630308395
C7-1,us,US,53425.0,0.9345836639404296,8.822311401367188,12.77099323272705,6.051380634307861,5.71689792191944
C8-1,cn,CN,1654.0,0.702343761920929,8.541940689086914,11.810628890991213,6.692001819610596,5.393187608071102
C8-1,us,US,20192.0,0.7379575967788696,8.606904983520508,12.3584566116333,6.054919242858887,5.466671537907686
C9-1,cn,CN,1373.0,0.6966426372528076,8.746576309204102,11.175540924072266,6.735710620880127,5.663375240729096
C9-1,us,US,14110.0,0.7802440524101257,8.752963066101074,12.200584411621094,6.499026775360107,5.685462181511625
D01-1,cn,CN,110.0,0.9142403602600098,7.936183452606201,10.677071571350098,6.236661434173584,4.769900819974907
D01-1,us,US,856.0,0.8670780062675476,8.241256713867188,12.325438499450684,6.064700603485107,5.077636092722059
D02-1,cn,CN,23.0,0.6477511525154114,8.015440940856934,9.382708549499512,6.731883049011231,5.016800184023708
D02-1,us,US,332.0,0.8192959427833557,8.348750114440918,12.33948040008545,6.492877960205078,5.221469062482356
D03-1,cn,CN,23.0,0.8401690125465393,7.923274993896484,9.635612487792969,6.705061435699463,4.877470404263079
D03-1,us,US,483.0,0.6021396517753601,8.673882484436035,11.0131254196167,7.269923210144043,5.583089786778245
D04-1,us,US,1113.0,0.8617257475852966,8.353165626525879,11.444016456604004,6.375072479248047,5.215598353085298
D05-1,cn,CN,5.0,1.112463355064392,7.244590759277344,9.303555488586426,6.297992706298828,4.85353946685791
D06-1,cn,CN,108.0,0.8306303024291992,8.367488861083984,10.859217643737791,6.65660572052002,5.300851724332659
D06-1,us,US,1476.0,0.7376543283462524,8.763481140136719,11.2290678024292,6.751527786254883,5.741557585065664
D07-1,us,US,64.0,1.1733005046844482,7.628575801849365,12.541418075561523,6.146920204162598,4.48074292036749
D1-1,cn,CN,161.0,0.6868517398834229,8.001433372497559,10.035661697387695,6.458767414093018,4.797801163903671
D1-1,us,US,1184.0,0.8586955666542053,8.159524917602539,12.538093566894531,5.964345932006836,4.97472444366008
D2-1,cn,CN,37.0,0.963173508644104,7.700263977050781,10.662476539611816,5.9207024574279785,4.58903764640246
D2-1,us,US,379.0,0.8442632555961609,8.191730499267578,11.229191780090332,6.420722007751465,5.014369483551988
D21-1,us,US,2532.0,0.986707866191864,8.091239929199219,12.13723850250244,5.995172023773193,4.956479549388646
D3-1,cn,CN,39.0,0.7434612512588501,8.027891159057617,9.965703010559082,5.986581802368164,4.905774851559627
D3-1,us,US,657.0,0.7899084687232971,8.522216796875,10.747320175170898,6.568058967590332,5.401168325915592
D4-1,us,US,1517.0,0.8948332667350769,8.221939086914062,11.56740951538086,5.904324531555176,5.058476657475012
D5-1,cn,CN,4.0,0.6937742233276367,6.427950859069824,7.067600250244141,5.3711442947387695,4.105774561564132
D6-1,cn,CN,339.0,1.0207843780517578,8.272748947143555,11.476405143737791,6.103757381439209,5.183235637986527
D6-1,us,US,2012.0,0.7447952628135681,8.72874927520752,12.16245460510254,6.727221965789795,5.687801795741692
D7-1,cn,CN,11.0,0.7513973116874695,6.270622253417969,7.340432167053223,4.873373508453369,3.266321529041633
D7-1,us,US,97.0,1.1830933094024658,7.422759056091309,10.070521354675291,5.561410903930664,4.238864507436546
E01-1,cn,CN,54.0,0.9229127168655396,8.319969177246094,11.448159217834473,6.965216636657715,5.3086718527442684
E01-1,us,US,1546.0,0.7609022855758667,8.5056734085083,11.782343864440918,6.495891094207764,5.437711339852385
E02-1,us,US,1626.0,0.6660579442977905,8.71004581451416,11.250425338745115,6.930558204650879,5.705282150852
E03-1,cn,CN,103.0,1.1883820295333862,7.357225894927978,11.012321472167969,5.703151226043701,4.157552485599439
E03-1,us,US,1141.0,0.8664953708648682,8.254591941833496,11.858266830444336,6.438104629516602,5.115293592110561
E04-1,cn,CN,151.0,0.7249823808670044,8.72046184539795,10.86680507659912,7.0771074295043945,5.747662065571248
E04-1,us,US,5425.0,0.8681195974349976,8.554272651672363,11.586749076843262,6.105549335479736,5.503458454897483
E05-1,cn,CN,182.0,1.3682843446731567,7.297996520996094,10.938692092895508,5.258376598358154,4.112790600863121
E05-1,us,US,2909.0,0.9217979311943054,8.086031913757324,11.451556205749512,5.471431255340576,4.920374578193844
E06-1,cn,CN,37.0,0.908963143825531,7.815367221832275,10.206993103027344,6.708495140075684,4.774407142991421
E06-1,us,US,1786.0,0.8962506055831909,8.301827430725098,12.006263732910156,5.987716197967529,5.210192973899993
E1-1,cn,CN,146.0,0.7327726483345032,8.41911792755127,10.25245189666748,6.81064510345459,5.35306656197325
E1-1,us,US,1907.0,0.7445787787437439,8.476122856140137,11.891647338867188,6.174038410186768,5.394154277121558
E2-1,cn,CN,204.0,0.8377839922904968,8.076458930969238,10.711161613464355,6.237316608428955,4.95331274890836
E2-1,us,US,2401.0,0.7082663178443909,8.622637748718262,11.479185104370115,6.600412845611572,5.591059460958789
E21-1,cn,CN,875.0,0.813728392124176,8.18183708190918,11.813857078552246,6.400406837463379,5.0606313721110325
E21-1,us,US,21965.0,0.8411766886711121,8.394193649291992,12.154533386230469,6.1648688316345215,5.323109835994899
E3-1,cn,CN,248.0,1.1819357872009275,7.450646877288818,10.67905330657959,5.661677360534668,4.226636831619828
E3-1,us,US,1655.0,0.8311431407928467,8.163081169128418,11.79623317718506,6.159668445587158,4.993300667747548
E4-1,cn,CN,386.0,0.8111164569854736,8.51391315460205,11.017867088317873,6.562414646148682,5.446392785218578
E4-1,us,US,6400.0,0.8436686992645264,8.542403221130371,11.803956031799316,6.08742618560791,5.479271329393583
E5-1,cn,CN,282.0,1.0698199272155762,7.482544898986816,10.976204872131348,5.641655921936035,4.249919788001179
E5-1,us,US,4016.0,0.9086983799934388,7.99908971786499,11.466156959533691,5.486207962036133,4.811001997247814
E6-1,cn,CN,93.0,0.9793372750282288,7.807460308074951,11.241339683532717,6.385117053985596,4.669159879301006
E6-1,us,US,2414.0,0.8871591091156006,8.28216552734375,11.459684371948242,5.970227241516113,5.1769649334185175
F01-1,cn,CN,86.0,0.690840482711792,8.564238548278809,10.97506046295166,7.167306900024414,5.566949264621599
F01-1,us,US,8459.0,0.7208369970321655,8.840605735778809,12.107748985290527,6.578433990478516,5.879884543869167
F02-1,cn,CN,90.0,0.6962639093399048,8.542623519897461,10.110111236572266,7.445938110351562,5.524900147828561
F02-1,us,US,9598.0,0.8229836225509644,8.57369327545166,12.515149116516112,6.090555667877197,5.516168988331472
F03-1,cn,CN,93.0,0.8371285796165466,8.502023696899414,10.629569053649902,6.590084075927734,5.510693239574962
F03-1,us,US,1550.0,0.7812663912773132,8.914429664611816,12.464853286743164,6.790505886077881,5.975873307190824
F04-1,cn,CN,264.0,0.830920398235321,8.188430786132812,10.45558261871338,6.510913848876953,5.068203058986157
F04-1,us,US,4198.0,0.7702299952507019,8.571406364440918,11.072989463806152,6.220486640930176,5.4939140498320285
F1-1,us,US,12779.0,0.7648341059684753,8.692426681518555,12.654190063476562,6.417835235595703,5.687907486810545
F15-1,cn,CN,107.0,1.2081302404403689,7.848673820495605,11.149837493896484,6.240107536315918,4.742080375244754
F15-1,us,US,2143.0,0.9610634446144104,8.265172958374023,11.528047561645508,5.970080852508545,5.121827572166097
F16-1,cn,CN,2199.0,0.7980749011039734,8.412586212158203,11.015569686889648,6.398252964019775,5.303188725263482
F16-1,us,US,35358.0,0.7760069966316223,8.85377025604248,12.304694175720217,6.567338466644287,5.867397407213986
F17-1,cn,CN,55.0,0.5748389959335327,8.091536521911621,9.594063758850098,6.899743556976318,4.980603875937277
F17-1,us,US,1523.0,0.7898181676864624,8.380967140197754,11.334824562072754,6.198836803436279,5.232541796564959
F2-1,cn,CN,236.0,0.756752073764801,8.419925689697266,11.228802680969238,6.769274711608887,5.330676595484604
F2-1,us,US,13513.0,0.7778258323669434,8.551355361938477,12.598480224609377,6.214969158172607,5.4850279253529095
F21-1,cn,CN,2714.0,0.9119184017181396,7.932569026947021,11.712933540344238,5.788517951965332,4.793139031343102
F21-1,us,US,11936.0,0.9393043518066406,8.444967269897461,12.75979995727539,5.717042446136475,5.379610951903246
F22-1,us,US,667.0,0.8762166500091553,8.238818168640137,11.005531311035156,6.199208736419678,5.130759442833835
F23-1,cn,CN,117.0,1.0146199464797974,7.892145156860352,10.947936058044434,6.107115268707275,4.776928170026665
F23-1,us,US,4027.0,1.0705180168151855,8.281554222106934,12.030744552612305,5.800009727478027,5.202869163919161
F24-1,cn,CN,645.0,0.921780288219452,8.383574485778809,11.601622581481934,5.940353870391846,5.317166767976048
F24-1,us,US,7245.0,0.7522814273834229,8.68544864654541,11.78476619720459,6.319015979766846,5.668654756416586
F25-1,cn,CN,621.0,0.7826905250549316,8.044286727905273,11.22192096710205,6.2240309715271,4.867673281799455
F25-1,us,US,6738.0,0.8457388281822205,8.410112380981445,11.855680465698242,5.828510284423828,5.315872560685605
F26-1,us,US,1150.0,0.7751286625862122,8.410323143005371,11.31889820098877,6.1933913230896,5.378232836664694
F27-1,us,US,994.0,0.823150634765625,8.477677345275879,11.22121238708496,6.354926586151123,5.475801103370458
F28-1,cn,CN,487.0,1.0004830360412598,7.767501831054687,11.037063598632812,5.694699764251709,4.631551362961858
F28-1,us,US,4342.0,0.8758176565170288,8.210572242736816,11.870158195495604,5.647071361541748,5.0974489179436375
F3-1,us,US,2018.0,0.7603370547294617,8.838329315185547,12.33892822265625,6.6779632568359375,5.8737578697904524
F4-1,us,US,5996.0,0.7558342814445496,8.520169258117676,11.477839469909668,6.165222644805908,5.428045337767813
F41-1,us,US,6374.0,0.8938062787055969,8.381927490234375,11.640583038330078,6.090493202209473,5.248028777335506
F42-1,us,US,2590.0,0.8694804310798645,8.16485595703125,11.54197120666504,5.713047981262207,4.983995783954455
G00-1,cn,,,,,,,
G00-1,us,,,,,,,
G01-1,cn,CN,2619.0,0.7534946799278259,9.18039894104004,12.138360023498535,7.02674674987793,6.300542956097814
G01-1,us,US,64013.0,0.6989601850509644,9.342059135437012,12.841696739196776,7.035106182098389,6.48443514885895
G02-1,cn,CN,2890.0,1.1604812145233154,8.442440032958984,12.727060317993164,5.959233283996582,5.433110520772729
G02-1,us,US,17237.0,0.7432349324226379,8.980602264404297,12.057113647460938,6.751190185546875,6.016972671682481
G03-1,cn,CN,502.0,0.8144109845161438,8.555304527282715,10.858492851257324,6.582220554351807,5.492733522685938
G03-1,us,US,8141.0,0.7167512774467468,8.828089714050293,11.561965942382812,6.592092037200928,5.805324977129672
G04-1,us,US,600.0,0.8950532078742981,8.804080963134766,11.357470512390137,6.711705207824707,5.752635421358889
G05-1,cn,CN,714.0,0.7471584677696228,8.859990119934082,11.691768646240234,6.826114654541016,5.880581023451981
G05-1,us,US,13436.0,0.7020564675331116,9.00143051147461,11.940807342529297,6.538475513458252,6.032761842189089
G06-1,cn,,,,,,,
G06-1,us,,,,,,,
G07-1,cn,CN,187.0,0.9890822768211364,8.305734634399414,10.281219482421877,6.266838073730469,5.208540596481328
G07-1,us,US,6698.0,0.7578909993171692,8.752553939819336,12.032541275024414,6.248135566711426,5.696422444641215
G08-1,cn,CN,379.0,0.8376571536064148,8.751358032226562,10.74260425567627,6.862532615661621,5.7229828270615
G08-1,us,US,12423.0,0.797892153263092,8.790669441223145,12.543815612792969,6.354584693908691,5.747260214962793
G09-1,cn,CN,1157.0,1.2868456840515137,8.28621768951416,12.38136863708496,5.6291351318359375,5.216593691903995
G09-1,us,US,9219.0,0.8037750720977783,9.008355140686035,12.243274688720703,6.0535569190979,5.996436413881838
G1-1,cn,,,,,,,
G1-1,us,,,,,,,
G10-1,cn,CN,1448.0,0.8990222811698914,8.201383590698242,11.57883358001709,6.14577054977417,4.999269345627667
G10-1,us,US,16247.0,1.043351173400879,8.387446403503418,12.93146800994873,5.9584503173828125,5.242909584653674
G11-1,cn,CN,1866.0,1.1349090337753296,8.771912574768066,12.020699501037598,6.5439043045043945,5.7714913393434415
G11-1,us,US,32717.0,0.9932135939598083,8.72821044921875,12.5674409866333,6.207088947296143,5.672085910566239
G12-1,cn,CN,14.0,2.0975141525268555,6.623310089111328,10.961538314819336,4.8053388595581055,3.8837597265348336
G12-1,us,US,125.0,0.8032893538475037,8.929859161376953,12.361685752868652,7.287849426269531,6.008762571888582
G16-1,cn,CN,335.0,0.7847364544868469,8.56875991821289,11.213769912719728,6.743194103240967,5.452619452388703
G16-1,us,US,10101.0,0.8909372091293335,8.502052307128906,12.190271377563477,6.05507230758667,5.366329853387697
G2-1,cn,CN,6945.0,1.1167808771133425,8.415306091308594,12.771828651428224,5.791517734527588,5.376635122301536
G2-1,us,US,25295.0,0.749488353729248,8.909686088562012,12.720200538635254,6.480833530426025,5.913177577461028
G21-1,cn,CN,193.0,1.0430824756622314,8.271031379699707,11.463082313537598,6.130221843719482,5.217008198738512
G21-1,us,US,3523.0,0.741639256477356,8.89313793182373,12.163087844848633,6.843142986297607,5.944584884284112
G3-1,cn,CN,1240.0,0.7580456137657166,8.388227462768555,11.406192779541016,6.646027088165283,5.2580337175102585
G3-1,us,US,8376.0,0.7273842096328735,8.796425819396973,12.236738204956056,6.603668212890625,5.760638663331747
G4-1,cn,CN,100.0,0.9990705847740172,8.428356170654297,11.312722206115724,6.69461727142334,5.34066378889662
G4-1,us,US,782.0,0.8897602558135986,8.694633483886719,11.959720611572266,6.735448837280273,5.613188190462722
G5-1,cn,CN,1785.0,0.8519829511642456,8.661849975585938,12.0440092086792,6.473862648010254,5.599252224163905
G5-1,us,US,21017.0,0.7927520871162415,8.787276268005371,12.335911750793455,6.304844379425049,5.747830604152455
G6-1,cn,,,,,,,
G6-1,us,,,,,,,
G7-1,cn,CN,383.0,0.8206770420074463,8.45093059539795,11.475584983825684,6.492222309112549,5.347111663919321
G7-1,us,US,10680.0,0.7775800228118896,8.621977806091309,12.187189102172852,6.279957294464111,5.530288496356178
G8-1,cn,CN,965.0,0.8684988021850586,8.483792304992676,11.718841552734377,6.323644161224365,5.368003161618901
G8-1,us,US,17168.0,0.8445583581924438,8.557568550109863,11.984214782714844,6.097692966461182,5.443059443756624
G9-1,cn,CN,5209.0,1.322514891624451,7.713197708129883,13.154062271118164,5.251739978790283,4.52903755969632
G9-1,us,US,13582.0,0.811111569404602,8.937392234802246,12.278076171875,6.506048202514648,5.902247423342587
H01-1,cn,,,,,,,
H01-1,us,,,,,,,
H02-1,cn,CN,1997.0,1.0194785594940186,8.60230541229248,11.502487182617188,6.484625339508057,5.605872724862081
H02-1,us,US,16733.0,0.7853419780731201,8.92296314239502,12.1806640625,6.628391742706299,5.981619481110826
H03-1,cn,CN,1064.0,0.9261645674705504,8.742249488830566,11.655288696289062,6.410775661468506,5.697788955243425
H03-1,us,US,17450.0,0.8778016567230225,8.75351333618164,12.77154541015625,6.166616439819336,5.698138032002703
H04-1,cn,,,,,,,
H04-1,us,,,,,,,
H05-1,cn,CN,2307.0,0.7778881788253784,8.858698844909668,11.634709358215332,6.471766948699951,5.903545251965113
H05-1,us,US,15612.0,0.7479921579360962,9.024093627929688,11.942118644714355,6.610343456268311,6.091601196259461
H1-1,cn,,,,,,,
H1-1,us,,,,,,,
H2-1,cn,CN,4486.0,0.9174307584762572,8.559776306152344,11.589193344116213,6.381739616394043,5.528450294999885
H2-1,us,US,25122.0,0.7682245373725891,8.870719909667969,11.895194053649902,6.589230060577393,5.906842659324155
H3-1,cn,CN,2114.0,0.8458929657936096,8.768354415893555,12.167424201965332,6.507001876831055,5.728401321398266
H3-1,us,US,20193.0,0.8867698907852173,8.754156112670898,12.357324600219728,6.41849422454834,5.701534886708359
H4-1,cn,,,,,,,
H4-1,us,,,,,,,
H5-1,cn,CN,3531.0,0.73575359582901,8.752362251281738,11.653474807739258,6.2917985916137695,5.74325905583062
H5-1,us,US,18651.0,0.72208172082901,8.953438758850098,12.432147026062012,6.50078821182251,5.987841174007656
H6-1,cn,,,,,,,
H6-1,us,,,,,,,
V07-1,cn,,,,,,,
V07-1,us,,,,,,,
